0,structure,events.html,
135,structure,explore,12things.html,
540,structure,explore,about,geology.html,
716,structure,explore,about,history.html,
37,structure,explore,about,http~~~www~breconbeacons~org~explore~about~jobs_and_vacancies.html,
235,structure,explore,about,national-parks.html,
91,structure,explore,about,prehistoric-peoples.html,
609,structure,explore,about,reasons-to-visit.html,
411,structure,explore,about,stories,adelina-patti.html,
507,structure,explore,about,stories,alexander-cordell.html,
212,structure,explore,about,stories,frank-stokes.html,
186,structure,explore,about,stories,gwladus-einion.html,
426,structure,explore,about,stories,lady-lake-physicians-myddfai.html,
1852,structure,explore,about,stories,tommy-jones.html,
325,structure,explore,about,stories,wellington-bomber.html,
427,structure,explore,about,traditions,common-land.html,
659,structure,explore,about,traditions,drovers.html,
4,structure,explore,competition.html,
312,structure,explore,do,bushcraft.html,
562,structure,explore,do,canoeing-kayaking-stand-up-paddleboarding-whitewater-rafting,sailing-boating-windsurfing.html,
103,structure,explore,do,caving-potholing,cavinginstructorsandguides.html,
482,structure,explore,do,cycling-mountain-biking,calorie_counted_routes,http~~~www~breconbeacons~org~explore~things_to_do~cycling_mountain_biking~calorie_counted_routes~around_the_shores_of_llangorse_lake.html,
285,structure,explore,do,cycling-mountain-biking,calorie_counted_routes,http~~~www~breconbeacons~org~explore~things_to_do~cycling_mountain_biking~calorie_counted_routes~brynich_lock_along_the_mon_and_brec_canal.html,
457,structure,explore,do,cycling-mountain-biking,calorie_counted_routes,http~~~www~breconbeacons~org~explore~things_to_do~cycling_mountain_biking~calorie_counted_routes~sarn_helen_and_the_roman_roads.html,
453,structure,explore,do,cycling-mountain-biking,calorie_counted_routes,http~~~www~breconbeacons~org~explore~things_to_do~cycling_mountain_biking~calorie_counted_routes~to_the_top_of_the_talybont_reservoir.html,
724,structure,explore,do,cycling-mountain-biking,cycleacrossthebeacons.html,
157,structure,explore,do,cycling-mountain-biking,http~~~www~breconbeacons~org~explore~things_to_do~cycling_mountain_biking~local_cycling_businesses.html,
584,structure,explore,do,cycling-mountain-biking,long-distance-cycle-routes.html,
1112,structure,explore,do,cycling-mountain-biking,moderate-cycle-routes.html,
229,structure,explore,do,cycling-mountain-biking,mountain-bike-route-grading.html,
1798,structure,explore,do,cycling-mountain-biking,mountain-biking-routes.html,
361,structure,explore,do,cycling-mountain-biking,mountain-biking.html,
422,structure,explore,do,cycling-mountain-biking,safe-cycling-mountain-biking.html,
763,structure,explore,do,fishing.html,
1151,structure,explore,do,geocaching-orienteering-navigation.html,
161,structure,explore,do,golf.html,
250,structure,explore,do,group-activities-team-building.html,
503,structure,explore,do,hang-gliding-paragliding-power-kiting.html,
159,structure,explore,do,horse-riding-pony-trekking,equine-equestrian-events.html,
229,structure,explore,do,horse-riding-pony-trekking,horse-pony-rescue-centres.html,
817,structure,explore,do,horse-riding-pony-trekking,horse-riding-centres.html,
333,structure,explore,do,horse-riding-pony-trekking,horse-riding-holidays.html,
461,structure,explore,do,horse-riding-pony-trekking,horse-riding-routes.html,
192,structure,explore,do,horse-riding-pony-trekking,welsh-mountain-ponies-cobs.html,
412,structure,explore,do,rock-climbing-abseiling.html,
219,structure,explore,do,safety,emergencies.html,
305,structure,explore,do,safety,equipment-instruction-guides.html,
476,structure,explore,do,safety,invasive-aquatic-species.html,
291,structure,explore,do,safety,responsible-water-activities.html,
385,structure,explore,do,safety,safe-mountains.html,
522,structure,explore,do,safety,safe-waterways.html,
210,structure,explore,do,sightseeingunderground.html,
645,structure,explore,do,stargazing,about-brecon-beacons-dark-sky-reserve.html,
149,structure,explore,do,stargazing,auroraborealis.html,
398,structure,explore,do,stargazing,darkskyambassadors.html,
62,structure,explore,do,stargazing,music-dark-skies.html,
240,structure,explore,do,stargazing,stargazing-learn.html,
957,structure,explore,do,stargazing,stargazing-ten-places.html,
736,structure,explore,do,walking,about-walking.html,
414,structure,explore,do,walking,beacons-way,beacons-way-day-1-holy-mountain-llanthony.html,
359,structure,explore,do,walking,beacons-way,beacons-way-day-2-llanthony-crickhowell.html,
447,structure,explore,do,walking,beacons-way,beacons-way-day-3-crickhowell-llangynidr.html,
476,structure,explore,do,walking,beacons-way,beacons-way-day-4-llangynidr-storey-arms.html,
450,structure,explore,do,walking,beacons-way,beacons-way-day-5-storey-arms-craig-y-nos.html,
552,structure,explore,do,walking,beacons-way,beacons-way-day-6-craig-y-nos-llanddeusant.html,
815,structure,explore,do,walking,beacons-way,beacons-way-day-7-llanddeusant-carreg-cennen-castle.html,
480,structure,explore,do,walking,beacons-way,beacons-way-day-8-carreg-cennen-castle-bethlehem.html,
537,structure,explore,do,walking,beacons-way,beacons-way-safety.html,
287,structure,explore,do,walking,http~~~www~breconbeacons~org~explore~things_to_do~walking~irresistible_offa.html,
128,structure,explore,do,walking,http~~~www~breconbeacons~org~explore~things_to_do~walking~need_to_know.html,
568,structure,explore,do,walking,http~~~www~breconbeacons~org~explore~things_to_do~walking~walkers_are_welcome.html,
135,structure,explore,do,walking,http~~~www~breconbeacons~org~explore~things_to_do~walking~walking_highlights.html,
289,structure,explore,do,walking,http~~~www~breconbeacons~org~explore~things_to_do~walking~where_to_walk.html,
250,structure,explore,do,walking,need_to_know,http~~~www~breconbeacons~org~explore~things_to_do~walking~need_to_know~fighting_phytophthora.html,
444,structure,explore,do,walking,need_to_know,http~~~www~breconbeacons~org~explore~things_to_do~walking~need_to_know~staying_safe.html,
383,structure,explore,do,walking,need_to_know,http~~~www~breconbeacons~org~explore~things_to_do~walking~need_to_know~walking_with_dogs.html,
303,structure,explore,do,walking,need_to_know,uplandwalkingcode.html,
160,structure,explore,do,walking,walking_highlights,http~~~www~breconbeacons~org~explore~things_to_do~walking~walking_highlights~best_for_geology.html,
279,structure,explore,do,walking,walking_highlights,http~~~www~breconbeacons~org~explore~things_to_do~walking~walking_highlights~best_for_history.html,
135,structure,explore,do,walking,walking_highlights,http~~~www~breconbeacons~org~explore~things_to_do~walking~walking_highlights~best_for_picnics.html,
176,structure,explore,do,walking,walking_highlights,http~~~www~breconbeacons~org~explore~things_to_do~walking~walking_highlights~best_for_viewpoints.html,
209,structure,explore,do,walking,walking_highlights,http~~~www~breconbeacons~org~explore~things_to_do~walking~walking_highlights~best_for_wildlife.html,
461,structure,explore,do,walking,where_to_walk,audiotrails.html,
100,structure,explore,do,walking,where_to_walk,http~~~www~breconbeacons~org~explore~things_to_do~walking~where_to_walk~bus_walks.html,
63,structure,explore,do,walking,where_to_walk,http~~~www~breconbeacons~org~explore~things_to_do~walking~where_to_walk~geotrails.html,
178,structure,explore,do,walking,where_to_walk,http~~~www~breconbeacons~org~explore~things_to_do~walking~where_to_walk~longer_walks.html,
138,structure,explore,do,walking,where_to_walk,http~~~www~breconbeacons~org~explore~things_to_do~walking~where_to_walk~moderate_walks.html,
213,structure,explore,do,walking,where_to_walk,http~~~www~breconbeacons~org~explore~things_to_do~walking~where_to_walk~short_walks.html,
72,structure,explore,do,watersports,http~~~www~breconbeacons~org~explore~things_to_do~watersports~watersports_instructors_and_guides.html,
223,structure,explore,do,watersports,http~~~www~breconbeacons~org~explore~things_to_do~watersports~what_to_do_on_the_water.html,
1106,structure,explore,do,watersports,http~~~www~breconbeacons~org~explore~things_to_do~watersports~where_to_get_on_the_water.html,
467,structure,explore,do,wildlife-watching-birdwatching-nature-trails,amphibians-fish.html,
115,structure,explore,do,wildlife-watching-birdwatching-nature-trails,badgers.html,
376,structure,explore,do,wildlife-watching-birdwatching-nature-trails,bats.html,
857,structure,explore,do,wildlife-watching-birdwatching-nature-trails,birds.html,
79,structure,explore,do,wildlife-watching-birdwatching-nature-trails,brown-hares.html,
253,structure,explore,do,wildlife-watching-birdwatching-nature-trails,butterflies.html,
286,structure,explore,do,wildlife-watching-birdwatching-nature-trails,dormice.html,
296,structure,explore,do,wildlife-watching-birdwatching-nature-trails,otters.html,
423,structure,explore,do,wildlife-watching-birdwatching-nature-trails,ten-places-wildlife-nature.html,
299,structure,explore,do,wildlife-watching-birdwatching-nature-trails,water-voles.html,
1197,structure,explore,do,wildlife-watching-birdwatching-nature-trails,where-to-see-wildlife-fungi-plants.html,
294,structure,explore,easier-access,easier_access_attractions,10_garwnant_visitor_centre.html,
319,structure,explore,easier-access,easier_access_attractions,12_visitor_centre.html,
121,structure,explore,easier-access,easier_access_attractions,14_south_wales_boarderers_museum.html,
161,structure,explore,easier-access,easier_access_attractions,15_brecnock_museum.html,
187,structure,explore,easier-access,easier_access_attractions,17_brecon_cathedral_heritage_centre.html,
158,structure,explore,easier-access,easier_access_attractions,18_brecon_tic.html,
220,structure,explore,easier-access,easier_access_attractions,1_carreg_cennen_castle.html,
233,structure,explore,easier-access,easier_access_attractions,20_cyfartha_castle.html,
182,structure,explore,easier-access,easier_access_attractions,21_brecon_mountain_railway.html,
162,structure,explore,easier-access,easier_access_attractions,24_talybont_reservoir_bird_hide.html,
195,structure,explore,easier-access,easier_access_attractions,2_black_mountain_red_kite_feeding_station.html,
157,structure,explore,easier-access,easier_access_attractions,31_tretower_court_castle.html,
157,structure,explore,easier-access,easier_access_attractions,33_crickhowell_resource_info_centre.html,
142,structure,explore,easier-access,easier_access_attractions,37_big_pit_museum.html,
155,structure,explore,easier-access,easier_access_attractions,3_llandovery_heritage_and_tic.html,
168,structure,explore,easier-access,easier_access_attractions,40_blaenavon_world_heritage_site.html,
144,structure,explore,easier-access,easier_access_attractions,41_pontypool_museum.html,
187,structure,explore,easier-access,easier_access_attractions,42_goytre_wharf_canal_visitor_centre.html,
187,structure,explore,easier-access,easier_access_attractions,44_abergavenny_castle_museum.html,
245,structure,explore,easier-access,easier_access_attractions,46_abergavenny_tic.html,
202,structure,explore,easier-access,easier_access_attractions,48_llanthony_priory.html,
274,structure,explore,easier-access,easier_access_attractions,6_craig_y_nos.html,
217,structure,explore,easier-access,easier_access_walks,11-walk-llwyn-on-reservoir.html,
199,structure,explore,easier-access,easier_access_walks,13-walk-mynydd-illtud-common.html,
375,structure,explore,easier-access,easier_access_walks,16-walk-brecon-promenade.html,
265,structure,explore,easier-access,easier_access_walks,19-walk-monmouthshire-brecon-canal-towpath.html,
224,structure,explore,easier-access,easier_access_walks,22-walk-pontsticill-reservoir.html,
345,structure,explore,easier-access,easier_access_walks,23-walk-taf-fechan-forest-walk-boardwalk.html,
281,structure,explore,easier-access,easier_access_walks,26-walk-talybont-brinore-tramroad.html,
223,structure,explore,easier-access,easier_access_walks,27-walk-llangorse-lake-common.html,
360,structure,explore,easier-access,easier_access_walks,28-walk-llangorse-lake-llangasty-bird-hide.html,
206,structure,explore,easier-access,easier_access_walks,29-walk-pwll-yr-wrach-nature-reserve.html,
353,structure,explore,easier-access,easier_access_walks,30-walk-hay-on-wye-riverside-warren.html,
229,structure,explore,easier-access,easier_access_walks,32-walk-crickhowell-bullpit-meadows.html,
261,structure,explore,easier-access,easier_access_walks,34-walk-llangattock-beechwood.html,
236,structure,explore,easier-access,easier_access_walks,35-walk-canal-gilwern-picnic-site.html,
223,structure,explore,easier-access,easier_access_walks,36-walk-clydach-ironworks.html,
279,structure,explore,easier-access,easier_access_walks,38-walk-keepers-pond-blorenge.html,
289,structure,explore,easier-access,easier_access_walks,39-walk-llanfoist-govilon-line.html,
395,structure,explore,easier-access,easier_access_walks,4-walk-usk-reservoir.html,
194,structure,explore,easier-access,easier_access_walks,43-walk-canal-goytre-hall-wood.html,
484,structure,explore,easier-access,easier_access_walks,45-walk-abergavenny-castle-meadows.html,
237,structure,explore,easier-access,easier_access_walks,47-walk-coed-y-cerrig.html,
376,structure,explore,easier-access,easier_access_walks,49-walk-forests-easier-access.html,
632,structure,explore,easier-access,easier_access_walks,5-henllysvale.html,
241,structure,explore,easier-access,easier_access_walks,http~~~www~breconbeacons~org~explore~easier_access~easier_access_walks~25_talybont_reservoir_and_forest.html,
218,structure,explore,easier-access,easier_access_walks,http~~~www~breconbeacons~org~explore~easier_access~easier_access_walks~9_penderyn_quarry_line.html,
225,structure,explore,easier-access,easier_access_walks,walk-hafod-road-llangattock-hillside.html,
156,structure,explore,easier-access,http~~~www~breconbeacons~org~explore~easier_access~easier_access_attractions.html,
281,structure,explore,easier-access,http~~~www~breconbeacons~org~explore~easier_access~easier_access_walks.html,
512,structure,explore,enjoy,after-dark.html,
730,structure,explore,enjoy,art-crafts.html,
93,structure,explore,enjoy,eating-drinking,cafes-tea-shops.html,
518,structure,explore,enjoy,eating-drinking,food-festivals.html,
308,structure,explore,enjoy,eating-drinking,local-producers-culinary-specialities,black-mountains-smokery.html,
210,structure,explore,enjoy,eating-drinking,local-producers-culinary-specialities,blaenafon-cheddar-company.html,
233,structure,explore,enjoy,eating-drinking,local-producers-culinary-specialities,coity-bach-produce.html,
304,structure,explore,enjoy,eating-drinking,local-producers-culinary-specialities,penderyn-distillery.html,
319,structure,explore,enjoy,eating-drinking,local-producers-culinary-specialities,talgarth-mill.html,
275,structure,explore,enjoy,eating-drinking,local-producers-culinary-specialities,welsh-venison-centre.html,
76,structure,explore,enjoy,eating-drinking,pubs-inns.html,
73,structure,explore,enjoy,eating-drinking,restaurants.html,
248,structure,explore,enjoy,eating-drinking,special-places-eat-drink,angel-hotel-abergavenny.html,
323,structure,explore,enjoy,eating-drinking,special-places-eat-drink,felin-fach-griffin.html,
317,structure,explore,enjoy,eating-drinking,special-places-eat-drink,gliffaes-country-house-hotel.html,
307,structure,explore,enjoy,eating-drinking,special-places-eat-drink,llansantffraed-court.html,
284,structure,explore,enjoy,eating-drinking,special-places-eat-drink,peterstone-court.html,
304,structure,explore,enjoy,eating-drinking,special-places-eat-drink,skirrid-mountain-inn.html,
193,structure,explore,enjoy,eating-drinking,special-places-eat-drink,walnut-tree-inn.html,
617,structure,explore,enjoy,family-fun.html,
734,structure,explore,enjoy,festivals.html,
544,structure,explore,enjoy,health-wellbeing,health-fitness-leisure-centres.html,
481,structure,explore,enjoy,health-wellbeing,spa-hotels-alternative-therapy-centres.html,
220,structure,explore,enjoy,health-wellbeing,walking-wellbeing.html,
442,structure,explore,enjoy,performing-arts-entertainment.html,
371,structure,explore,enjoy,shopping,food-drink-farmers-markets.html,
178,structure,explore,enjoy,shopping,shopping-antiques.html,
526,structure,explore,enjoy,shopping,shopping-art-crafts-gifts.html,
95,structure,explore,enjoy,shopping,shopping-maps-books-souvenirs.html,
144,structure,explore,enjoy,shopping,shopping-outdoor-gear-fashion.html,
1192,structure,explore,green-thinking,20-green-ideas.html,
164,structure,explore,itineraries,abergavenny-blaenavon,http~~~www~breconbeacons~org~itineraries~abergavenny-castle-museum.html,
400,structure,explore,itineraries,abergavenny-blaenavon,http~~~www~breconbeacons~org~itineraries~abergavenny-heritage-views-vineyard.html,
709,structure,explore,itineraries,abergavenny-blaenavon,http~~~www~breconbeacons~org~itineraries~abergavenny-shopping-heritage-castle-meadows.html,
171,structure,explore,itineraries,abergavenny-blaenavon,http~~~www~breconbeacons~org~itineraries~blaenavon-big-pit-national-coal-museum.html,
648,structure,explore,itineraries,abergavenny-blaenavon,http~~~www~breconbeacons~org~itineraries~blaenavon-goytre-wharf.html,
171,structure,explore,itineraries,abergavenny-blaenavon,http~~~www~breconbeacons~org~itineraries~blaenavon-ironworks-world-heritage-centre.html,
213,structure,explore,itineraries,abergavenny-blaenavon,http~~~www~breconbeacons~org~itineraries~goytre-wharf-monmouthshire-brecon-canal-cruise.html,
298,structure,explore,itineraries,black-mountain-fforest-fawr,http~~~www~breconbeacons~org~itineraries~cwm-tawe-history-giants-ghosts.html,
203,structure,explore,itineraries,black-mountain-fforest-fawr,http~~~www~breconbeacons~org~itineraries~national-showcaves-craig-y-nos-cwm-tawe.html,
197,structure,explore,itineraries,black-mountain-fforest-fawr,http~~~www~breconbeacons~org~itineraries~waterfall-country.html,
365,structure,explore,itineraries,brecon-central-beacons,http~~~www~breconbeacons~org~itineraries~brecon-beacons-national-park-visitor-centre-mynydd-illtyd.html,
246,structure,explore,itineraries,brecon-central-beacons,http~~~www~breconbeacons~org~itineraries~brecon-llangorse-lake.html,
160,structure,explore,itineraries,brecon-central-beacons,http~~~www~breconbeacons~org~itineraries~coed-taf-fawr-garwnant.html,
211,structure,explore,itineraries,brecon-central-beacons,http~~~www~breconbeacons~org~itineraries~pant-brecon-mountain-railway.html,
280,structure,explore,itineraries,brecon-central-beacons,http~~~www~breconbeacons~org~itineraries~taff-trail-brecon-brynich-lock.html,
198,structure,explore,itineraries,http~~~www~breconbeacons~org~101days~abergavenny-blaenavon.html,
108,structure,explore,itineraries,http~~~www~breconbeacons~org~101days~black-mountain-fforest-fawr.html,
166,structure,explore,itineraries,http~~~www~breconbeacons~org~101days~brecon-central-beacons.html,
186,structure,explore,itineraries,http~~~www~breconbeacons~org~101days~talgarth-black-mountains.html,
675,structure,explore,itineraries,talgarth-black-mountains,http~~~www~breconbeacons~org~itineraries~black-mountains-castell-dinas-gliding-club.html,
858,structure,explore,itineraries,talgarth-black-mountains,http~~~www~breconbeacons~org~itineraries~black-mountains-churches.html,
774,structure,explore,itineraries,talgarth-black-mountains,http~~~www~breconbeacons~org~itineraries~black-mountains-rhos-fach-crickhowell-castle.html,
819,structure,explore,itineraries,talgarth-black-mountains,http~~~www~breconbeacons~org~itineraries~pwll-y-wrach-talgarth-mill-bronllys-castle.html,
1148,structure,explore,itineraries,talgarth-black-mountains,http~~~www~breconbeacons~org~itineraries~talgarth-llangorse-lake-churches.html,
588,structure,explore,itineraries,talgarth-black-mountains,http~~~www~breconbeacons~org~itineraries~talgarth-sunday-lunch-stroll-bike-ride.html,
208,structure,explore,visit,agincourt.html,
1063,structure,explore,visit,castles,abergavenny-castle.html,
146,structure,explore,visit,castles,blaen-llynfi-castle.html,
1012,structure,explore,visit,castles,brecon-castle.html,
242,structure,explore,visit,castles,bronllys-castle.html,
873,structure,explore,visit,castles,carreg-cennen-castle.html,
389,structure,explore,visit,castles,crickhowell-castle.html,
498,structure,explore,visit,castles,cyfartha-castle.html,
157,structure,explore,visit,castles,dinas-castle.html,
365,structure,explore,visit,castles,dinefwr-castle.html,
722,structure,explore,visit,castles,hay-castle.html,
434,structure,explore,visit,castles,llandovery-castle.html,
666,structure,explore,visit,castles,tretower-court-castle.html,
251,structure,explore,visit,caves,black-mountain-caves.html,
112,structure,explore,visit,caves,clydach-gorge.html,
498,structure,explore,visit,caves,dan-yr-ogof-national-showcaves-centre.html,
455,structure,explore,visit,caves,how-were-caves-created.html,
123,structure,explore,visit,caves,ogof-ffynnon-ddu-cave.html,
275,structure,explore,visit,caves,porth-yr-ogof-cave-waterfall-country.html,
220,structure,explore,visit,churches,abergavenny-st-marys-priory-church.html,
298,structure,explore,visit,churches,brecon-cathedral.html,
221,structure,explore,visit,churches,capel-y-ffin-church-st-mary-virgin.html,
294,structure,explore,visit,churches,capel-y-ffin-monastery.html,
160,structure,explore,visit,churches,church-st-cynog-defynog.html,
185,structure,explore,visit,churches,church-st-david-llanthony.html,
117,structure,explore,visit,churches,church-st-ffraed-llansantffraed.html,
139,structure,explore,visit,churches,church-st-gwendoline-talgarth.html,
273,structure,explore,visit,churches,church-st-issui-patricio-partrishow.html,
209,structure,explore,visit,churches,http~~~www~breconbeacons~org~explore~places_to_visit~churches~st_edmund_s_church.html,
663,structure,explore,visit,churches,llanthony-priory.html,
128,structure,explore,visit,churches,st-catwygs-church-llangattock.html,
265,structure,explore,visit,churches,st-martins-church-cwmyoy.html,
178,structure,explore,visit,churches,st-marys-church-ystradfellte.html,
105,structure,explore,visit,churches,st-michaels-parish-church-myddfai.html,
328,structure,explore,visit,hills-mountains,black-mountain-range.html,
275,structure,explore,visit,hills-mountains,black-mountains.html,
345,structure,explore,visit,hills-mountains,central-beacons.html,
178,structure,explore,visit,hills-mountains,fforest-fawr-geopark.html,
360,structure,explore,visit,hills-mountains,fforest-fawr-massif.html,
423,structure,explore,visit,industrial-rural-heritage,big-pit-national-coal-museum.html,
202,structure,explore,visit,industrial-rural-heritage,blackmountainquarries,http~~~www~breconbeacons~org~explore~places_to_visit~industrial_and_rural_heritage~black_mountain_quarries~about_the_calch_project.html,
132,structure,explore,visit,industrial-rural-heritage,blackmountainquarries,http~~~www~breconbeacons~org~explore~places_to_visit~industrial_and_rural_heritage~black_mountain_quarries~follow_the_story.html,
508,structure,explore,visit,industrial-rural-heritage,blackmountainquarries,http~~~www~breconbeacons~org~explore~places_to_visit~industrial_and_rural_heritage~black_mountain_quarries~the_quarries.html,
373,structure,explore,visit,industrial-rural-heritage,blackmountainquarries,plan_your_visit_to_black_mountain_quarries.html,
198,structure,explore,visit,industrial-rural-heritage,blackmountainquarries,the_black_mountain_quarries_audio_trail.html,
251,structure,explore,visit,industrial-rural-heritage,blaenavon-ironworks.html,
522,structure,explore,visit,industrial-rural-heritage,blaenavon-world-heritage-site.html,
235,structure,explore,visit,industrial-rural-heritage,brecknock-museum-gallery.html,
336,structure,explore,visit,industrial-rural-heritage,brecon-mountain-railway.html,
170,structure,explore,visit,industrial-rural-heritage,brinore-tramroad.html,
175,structure,explore,visit,industrial-rural-heritage,clydach-ironworks.html,
835,structure,explore,visit,industrial-rural-heritage,glyn-neath-gunpowder-works-pontneddfechan.html,
169,structure,explore,visit,industrial-rural-heritage,goytre-wharf.html,
225,structure,explore,visit,industrial-rural-heritage,henllys-vale.html,
664,structure,explore,visit,industrial-rural-heritage,monmouthshire-brecon-canal-history.html,
165,structure,explore,visit,industrial-rural-heritage,penwyllt-quarries-brickworks.html,
168,structure,explore,visit,industrial-rural-heritage,pontypool-museum.html,
174,structure,explore,visit,industrial-rural-heritage,regimental-museum-brecon.html,
258,structure,explore,visit,industrial-rural-heritage,tithe-barn-abergavenny.html,
743,structure,explore,visit,lakes-waterways,lakes-reservoirs-freshwater-wetlands.html,
468,structure,explore,visit,lakes-waterways,llangorse-lake.html,
965,structure,explore,visit,lakes-waterways,monmouthshire-brecon-canal.html,
728,structure,explore,visit,lakes-waterways,rivers.html,
358,structure,explore,visit,nature-reserves-woodlands-grasslands-farms-gardens,caeautymawr.html,
775,structure,explore,visit,nature-reserves-woodlands-grasslands-farms-gardens,coed-y-cerrig.html,
868,structure,explore,visit,nature-reserves-woodlands-grasslands-farms-gardens,craig-cerrig-gleisiad-fan-frynych.html,
977,structure,explore,visit,nature-reserves-woodlands-grasslands-farms-gardens,craig-y-cilau.html,
673,structure,explore,visit,nature-reserves-woodlands-grasslands-farms-gardens,craig-y-nos-country-park.html,
756,structure,explore,visit,nature-reserves-woodlands-grasslands-farms-gardens,cwm-clydach.html,
1393,structure,explore,visit,nature-reserves-woodlands-grasslands-farms-gardens,forests-woodland.html,
1632,structure,explore,visit,nature-reserves-woodlands-grasslands-farms-gardens,grasslands-meadows-farms.html,
321,structure,explore,visit,nature-reserves-woodlands-grasslands-farms-gardens,historic-parks-gardens.html,
823,structure,explore,visit,nature-reserves-woodlands-grasslands-farms-gardens,importance-of-woodlands.html,
734,structure,explore,visit,nature-reserves-woodlands-grasslands-farms-gardens,ogof-ffynnon-ddu-nnr.html,
380,structure,explore,visit,nature-reserves-woodlands-grasslands-farms-gardens,protected-landscapes-habitats.html,
654,structure,explore,visit,nature-reserves-woodlands-grasslands-farms-gardens,pwll-y-wrach.html,
92,structure,explore,visit,prehistoric-roman-sites,allt-yr-esgair.html,
779,structure,explore,visit,prehistoric-roman-sites,garn-goch.html,
395,structure,explore,visit,prehistoric-roman-sites,pen-y-crug.html,
98,structure,explore,visit,prehistoric-roman-sites,romans,about-romans-carmarthenshire-project.html,
336,structure,explore,visit,prehistoric-roman-sites,romans,follow-story-roman-sites.html,
329,structure,explore,visit,prehistoric-roman-sites,romans,visit-y-pigwn-waun-ddu.html,
110,structure,explore,visit,prehistoric-roman-sites,romans,walking-with-romans-app.html,
200,structure,explore,visit,prehistoric-roman-sites,romans,walking-with-romans-audio-trail.html,
126,structure,explore,visit,prehistoric-roman-sites,romans,waun-ddu-roman-fortlet.html,
131,structure,explore,visit,prehistoric-roman-sites,romans,y-pigwn-roman-marching-camps.html,
1247,structure,explore,visit,prehistoric-roman-sites,standing-stones.html,
2443,structure,explore,visit,towns-villages,abergavenny.html,
6656,structure,explore,visit,towns-villages,brecon.html,
219,structure,explore,visit,towns-villages,brynamman.html,
38,structure,explore,visit,towns-villages,canalside-villages.html,
3980,structure,explore,visit,towns-villages,crickhowell.html,
3552,structure,explore,visit,towns-villages,hay-on-wye.html,
237,structure,explore,visit,towns-villages,llandeilo.html,
1947,structure,explore,visit,towns-villages,llandovery.html,
825,structure,explore,visit,towns-villages,llangadog-western-villages.html,
1198,structure,explore,visit,towns-villages,llangorse-bwlch.html,
264,structure,explore,visit,towns-villages,merthyr-tydfil.html,
1407,structure,explore,visit,towns-villages,pontneddfechan.html,
74,structure,explore,visit,towns-villages,sennybridge-upper-usk-villages.html,
3293,structure,explore,visit,towns-villages,talgarth.html,
422,structure,explore,visit,towns-villages,talybont-on-usk.html,
259,structure,explore,visit,waterfalls,http~~~www~breconbeacons~org~explore~places_to_visit~waterfalls~falls_fossils_forests_and_fleeces_audio_trail.html,
298,structure,explore,visit,waterfalls,top-three-places-waterfalls.html,
605,structure,explore,visit,waterfalls,waterfall-country-geology-history.html,
478,structure,explore,visit,waterfalls,waterfall-country-trees-plants-wildlife.html,
557,structure,explore,visit,waterfalls,waterfall-country-walking-trails.html,
843,structure,explore,visit,waterfalls,waterfall-country.html,
65,structure,membership.html,
0,structure,my-account,edit-my-profile.html,
0,structure,my-account,http~~~www~breconbeacons~org~my_account~my_business.html,
0,structure,my-account,my-itinerary.html,
120,structure,plan,getting-around,beacons-bus.html,
666,structure,plan,getting-around,buses-and-trains.html,
320,structure,plan,getting-around,taxis-transfer-baggage-bikes.html,
562,structure,plan,getting-here.html,
226,structure,plan,stay,bed-and-breakfast.html,
225,structure,plan,stay,camping-glamping-caravanning.html,
305,structure,plan,stay,green-accommodation.html,
185,structure,plan,stay,hostels-backpackers-bunkhouses.html,
234,structure,plan,stay,hotels.html,
235,structure,plan,stay,self-catering.html,
783,structure,plan,visitor-information,abergavenny-tourist-information.html,
194,structure,plan,visitor-information,ambassadors.html,
213,structure,plan,visitor-information,brecon-tourist-information.html,
580,structure,plan,visitor-information,craig-y-nos-country-park-visitor-centre,http~~~www~breconbeacons~org~plan~visitor_information~craig-y-nos_visitor_centre~adelina_patti_exhibition.html,
75,structure,plan,visitor-information,craig-y-nos-country-park-visitor-centre,http~~~www~breconbeacons~org~plan~visitor_information~craig-y-nos_visitor_centre~children_of_craig_y_nos_exhibition.html,
239,structure,plan,visitor-information,crickhowell-resource-information-centre.html,
364,structure,plan,visitor-information,cwm-porth-information-point.html,
234,structure,plan,visitor-information,hay-tourist-information.html,
346,structure,plan,visitor-information,llandovery-tourist-information.html,
288,structure,plan,visitor-information,national-park-visitor-centre,http~~~www~breconbeacons~org~plan~visitor_information~national_park_visitor_centre~npvc_events.html,
160,structure,plan,visitor-information,talgarth-information-resource-centre.html,
184,structure,plan,visitor-information,visitorcharter.html,
326,structure,plan,visitor-information,visitor_survey.html,
507,structure,plan,visitor-information,waterfalls-centre-pontneddfechan.html,
165,structure,plan,weather.html,
225,structure,plan,webcams.html,
16,structure,shop.html,
